x,y,label
3.558172,-5.6403317,mimicsduo
-0.98387843,5.4509244,mimicsduo
-0.7141992,4.399083,mimicsduo
-1.0369667,2.6170487,mimicsduo
-0.74104965,3.1082394,mimicsduo
1.1111295,4.817573,mimicsduo
2.4019942,2.3155317,mimicsduo
-1.3820857,5.29817,mimicsduo
0.08127444,2.6077118,mimicsduo
1.7567141,4.174336,mimicsduo
-1.1791348,2.6896803,mimicsduo
0.9125323,4.296777,mimicsduo
1.1963229,2.8129334,mimicsduo
-1.9278535,3.722607,mimicsduo
-2.535679,5.02811,mimicsduo
1.1956468,4.134446,mimicsduo
-0.9195383,1.2073197,mimicsduo
-3.2248752,3.2428007,mimicsduo
2.3914397,5.2322135,mimicsduo
3.0817823,3.5170531,mimicsduo
-2.6592147,1.4344467,mimicsduo
-0.79079545,3.201617,mimicsduo
1.0712355,2.790635,mimicsduo
0.60295534,3.418972,mimicsduo
1.61051,5.4751573,mimicsduo
0.83035815,6.3197637,mimicsduo
-0.082946435,3.9932349,mimicsduo
-1.713691,4.907884,mimicsduo
-1.6598222,1.6898403,mimicsduo
2.4926717,3.7445192,mimicsduo
-1.8109136,1.94578,mimicsduo
2.5740867,3.3515599,mimicsduo
1.5968322,4.1918497,mimicsduo
1.3409473,3.362754,mimicsduo
-0.057655636,4.4882326,mimicsduo
-1.9209133,2.3121104,mimicsduo
1.5748551,2.555282,mimicsduo
-0.8458858,4.256059,mimicsduo
0.18887101,4.416381,mimicsduo
1.4595187,3.3463626,mimicsduo
0.17884973,2.6223586,mimicsduo
0.08013883,4.696002,mimicsduo
1.9498053,2.9034247,mimicsduo
-1.7945821,5.02423,mimicsduo
-1.3630264,1.754848,mimicsduo
-2.2397888,5.3221755,mimicsduo
-0.56364316,5.384952,mimicsduo
-1.5251004,0.59452,mimicsduo
-0.7411162,3.108259,mimicsduo
-2.3746977,4.9990683,mimicsduo
0.4042733,3.8851206,mimicsduo
-1.7518173,1.335089,mimicsduo
0.2965166,3.8006136,mimicsduo
-0.9824423,1.2491242,mimicsduo
-0.14920817,4.0094967,mimicsduo
0.0885485,2.556138,mimicsduo
-0.9808978,2.4238265,mimicsduo
-2.723906,4.015443,mimicsduo
-0.740712,3.0891702,mimicsduo
-1.866308,2.8111787,mimicsduo
2.30645,3.8599653,mimicsduo
0.9946698,5.915134,mimicsduo
-1.6218557,4.447394,mimicsduo
0.61026025,3.420098,mimicsduo
1.9783574,3.2968676,mimicsduo
-1.3300842,2.0615196,mimicsduo
-0.42960134,2.6742032,mimicsduo
1.2420672,4.1938367,mimicsduo
-0.19005738,5.2739015,mimicsduo
-0.65744877,6.392242,mimicsduo
-3.1897388,3.8714287,mimicsduo
-0.36104798,3.8354273,mimicsduo
-1.5467094,6.019079,mimicsduo
0.27463135,3.810029,mimicsduo
-0.6790146,3.579812,mimicsduo
-0.4554785,2.2614765,mimicsduo
2.6118858,3.9797218,mimicsduo
1.8146664,3.668082,mimicsduo
-0.062257126,2.5566556,mimicsduo
0.366871,4.4683356,mimicsduo
2.6033196,3.5340247,mimicsduo
-0.06264679,2.5567842,mimicsduo
-1.3256257,0.48073405,mimicsduo
-1.3191813,3.9501908,mimicsduo
-0.3541389,1.7503009,mimicsduo
0.5596687,3.450051,mimicsduo
1.73638,2.6831996,mimicsduo
-0.045500677,3.9241393,mimicsduo
-1.361139,3.1309266,mimicsduo
2.0752678,3.3151412,mimicsduo
0.6071189,3.05733,mimicsduo
-0.66720366,3.6010125,mimicsduo
-1.8596314,1.9289134,mimicsduo
-0.45020977,4.5735154,mimicsduo
1.8085417,4.1831636,mimicsduo
-0.38104376,2.643611,mimicsduo
0.34534273,3.9167683,mimicsduo
2.627056,2.9841943,mimicsduo
1.153939,3.6166756,mimicsduo
0.56611025,2.1276834,mimicsduo
-3.1945646,3.8543947,mimicsduo
0.060249716,2.6330905,mimicsduo
1.416286,3.1970615,mimicsduo
-0.45458478,2.1985033,mimicsduo
-0.9354469,6.098404,mimicsduo
-1.343255,4.8304524,mimicsduo
0.08615023,6.343015,mimicsduo
2.191588,2.487742,mimicsduo
-0.7211456,3.4749405,mimicsduo
-0.41397545,3.7988977,mimicsduo
-2.3447967,1.3603796,mimicsduo
-1.3574214,1.7856406,mimicsduo
0.60459423,3.4188612,mimicsduo
-0.134689,6.238537,mimicsduo
-0.79174125,2.8405316,mimicsduo
-0.17865126,4.0354595,mimicsduo
-0.687706,2.1265724,mimicsduo
0.6185569,3.4225879,mimicsduo
0.5979918,3.1082575,mimicsduo
1.7125844,5.816852,mimicsduo
-1.7344455,5.899128,mimicsduo
-0.43503663,2.6812303,mimicsduo
-2.5929205,1.363029,mimicsduo
1.7568741,3.7701647,mimicsduo
-0.81135714,3.3789005,mimicsduo
-1.6725336,4.6555805,mimicsduo
-2.4350579,3.910302,mimicsduo
-1.3921589,3.1478245,mimicsduo
-1.3851506,2.9915202,mimicsduo
0.35540175,3.8881483,mimicsduo
-0.399451,4.1309834,mimicsduo
-0.6796286,3.5747428,mimicsduo
-0.9603213,1.6277242,mimicsduo
-0.6679254,3.610104,mimicsduo
1.0926086,3.6805599,mimicsduo
1.3066801,4.6202493,mimicsduo
-1.9582585,4.025668,mimicsduo
-0.673626,3.589662,mimicsduo
-1.1882603,3.9465258,mimicsduo
-0.42813754,1.8891519,mimicsduo
1.7754065,2.705003,mimicsduo
-1.3227904,3.4713187,mimicsduo
1.9015837,4.623976,mimicsduo
2.2046928,-3.4339647,mimicsduo
-1.9507946,5.089776,mimicsduo
0.088916056,2.579793,mimicsduo
2.0633297,2.85351,mimicsduo
-0.027749063,2.0167751,mimicsduo
-0.38736492,2.648404,mimicsduo
-0.21206336,5.67499,mimicsduo
-0.78637207,2.1685865,mimicsduo
-0.793345,5.0525475,mimicsduo
-0.7979994,3.2066262,mimicsduo
-1.0030868,2.3820481,mimicsduo
-0.81353265,4.073145,mimicsduo
-1.3191435,3.936135,mimicsduo
-3.2333019,3.1744819,mimicsduo
-3.1462412,2.5146697,mimicsduo
0.7252076,5.4372983,mimicsduo
-0.3934759,2.6385674,mimicsduo
-1.1093546,4.533828,mimicsduo
-0.67576057,3.5853791,mimicsduo
-0.7995995,3.2224948,mimicsduo
-1.399231,2.9735355,mimicsduo
1.1404414,3.6142483,mimicsduo
-2.6942968,3.629354,mimicsduo
-2.7328634,5.115955,mimicsduo
-0.5902467,6.067557,mimicsduo
-0.5847737,5.580663,mimicsduo
0.36064374,4.968793,mimicsduo
-0.4260591,3.7944162,mimicsduo
-1.7858043,1.3843042,mimicsduo
2.5476415,4.4188375,mimicsduo
0.12451482,5.181408,mimicsduo
-1.0321643,1.6830655,mimicsduo
1.142017,3.6149585,mimicsduo
-2.3729582,2.186219,mimicsduo
-0.014358212,4.311352,mimicsduo
-0.74287903,3.0247066,mimicsduo
-1.9347278,2.8544476,mimicsduo
-2.3818157,4.5696917,mimicsduo
2.6794617,4.93028,mimicsduo
2.585992,2.981862,mimicsduo
-0.57215244,2.1282215,mimicsduo
0.47921205,5.5779376,mimicsduo
0.6062515,3.0586236,mimicsduo
0.58570915,2.2042162,mimicsduo
0.610758,3.419316,mimicsduo
-0.88091975,1.6813804,mimicsduo
-0.50006694,1.833079,mimicsduo
2.041839,3.521421,mimicsduo
-2.815558,2.8891735,mimicsduo
-0.8698638,1.1063339,mimicsduo
-0.7389203,2.9133086,mimicsduo
0.063642256,5.1150303,mimicsduo
-0.41692606,2.6362607,mimicsduo
0.61239207,3.4167433,mimicsduo
0.53739476,4.3401947,mimicsduo
-1.9959515,0.87605375,mimicsduo
0.7627794,3.7271764,mimicsduo
-1.9002976,2.3535323,mimicsduo
0.5099921,2.7356424,mimicsduo
-1.7361821,0.7759676,mimicsduo
-0.44998568,2.5963433,mimicsduo
0.07676004,2.5535712,mimicsduo
-1.260224,5.047457,mimicsduo
1.3269633,2.228263,mimicsduo
-0.3887123,2.6465833,mimicsduo
-1.075741,2.0393584,mimicsduo
0.071978025,2.5720377,mimicsduo
0.78713614,5.4724655,mimicsduo
-1.5051105,4.21337,mimicsduo
-1.4146965,1.3099711,mimicsduo
-1.3841484,3.5049145,mimicsduo
-0.2280252,3.9666579,mimicsduo
0.59057426,3.1059692,mimicsduo
0.13114712,2.6079636,mimicsduo
0.75377434,4.840597,mimicsduo
1.7508254,2.2031724,mimicsduo
2.7471106,4.7095003,mimicsduo
0.4720824,4.712134,mimicsduo
1.3644413,2.208976,mimicsduo
1.1728196,2.2603767,mimicsduo
-1.2682792,3.48029,mimicsduo
-2.4736578,4.3670106,mimicsduo
1.911232,5.7042637,mimicsduo
1.8799912,2.8347878,mimicsduo
0.5704684,6.2997746,mimicsduo
1.0159912,6.2023993,mimicsduo
1.3558736,4.8990645,mimicsduo
-0.6646218,3.625553,mimicsduo
0.6721902,2.2412536,mimicsduo
-0.7320376,2.8867073,mimicsduo
-0.19211763,5.330471,mimicsduo
2.9815524,2.4956849,mimicsduo
2.2060452,-3.42902,mimicsduo
-0.05827335,5.670065,mimicsduo
-2.5949712,3.4303493,mimicsduo
-0.3560253,4.9029837,mimicsduo
-0.8655413,4.1730103,mimicsduo
1.1570717,3.560949,mimicsduo
-1.2632201,3.7268732,mimicsduo
-2.0835028,5.6541996,mimicsduo
0.5330532,4.881535,mimicsduo
0.011596064,2.0211701,mimicsduo
2.173213,-3.3989105,mimicsduo
1.5086396,3.2746725,mimicsduo
2.7358809,-2.0776386,mimicsduo
2.735706,-2.0779555,mimicsduo
-2.61078,2.6204855,mimicsduo
0.6065624,3.0579705,mimicsduo
-1.9824438,4.487143,mimicsduo
1.6646842,4.7138453,mimicsduo
0.20996146,4.4095244,mimicsduo
-0.47731304,2.53941,mimicsduo
-0.0312482,1.9704151,mimicsduo
0.6076134,3.0574088,mimicsduo
1.2486117,2.2204025,mimicsduo
-1.885943,2.605117,mimicsduo
0.350702,2.6833076,mimicsduo
-0.62426156,5.3033323,mimicsduo
-0.90535045,4.9580626,mimicsduo
-2.9997828,4.6242204,mimicsduo
-0.2840573,4.8971004,mimicsduo
-1.4194548,2.5092618,mimicsduo
-1.1227324,2.6853988,mimicsduo
1.3766341,4.665941,mimicsduo
-2.3834407,3.1334867,mimicsduo
1.3117912,2.9961035,mimicsduo
-0.84801704,4.341213,mimicsduo
0.14326733,3.8514698,mimicsduo
1.7086076,5.1253357,mimicsduo
-0.79992664,3.2224774,mimicsduo
-0.99798995,1.1209084,mimicsduo
0.70382303,5.522954,mimicsduo
0.3904467,5.3263154,mimicsduo
-2.0042818,3.5484068,mimicsduo
-0.73751265,2.9024386,mimicsduo
0.25895405,3.8217413,mimicsduo
0.80023396,2.3730295,mimicsduo
-1.1899705,0.71039456,mimicsduo
-0.415949,6.035201,mimicsduo
0.4078613,2.6965497,mimicsduo
-1.7954025,4.0225844,mimicsduo
-1.2663741,4.5774646,mimicsduo
1.0249104,3.8254404,mimicsduo
1.170869,-1.9076507,mimicsduo
-1.1399668,5.3110504,mimicsduo
-2.1955583,2.6026213,mimicsduo
-2.329269,3.60142,mimicsduo
1.3541641,5.9978757,mimicsduo
0.5945495,4.3559184,mimicsduo
2.9828527,2.4905398,mimicsduo
-1.7830508,4.8932495,mimicsduo
-1.4417909,5.250201,mimicsduo
1.4126443,4.300639,mimicsduo
-2.9417183,1.8909916,mimicsduo
3.1019409,3.1596684,mimicsduo
1.9714977,3.28263,mimicsduo
-1.9366207,3.992203,mimicsduo
-0.28498325,1.6534239,mimicsduo
0.08372923,2.5507948,mimicsduo
2.2621953,-3.4225533,mimicsduo
2.2622876,-3.4229126,mimicsduo
-0.115841344,2.2689958,mimicsduo
-2.4258022,2.1903553,mimicsduo
-2.3350837,5.5100446,mimicsduo
2.5433416,2.2899952,mimicsduo
2.7404969,-2.098274,mimicsduo
2.7403631,-2.0984404,mimicsduo
0.26074737,3.8193269,mimicsduo
-0.38578933,3.9428742,mimicsduo
0.6903436,5.5286083,mimicsduo
-0.5522797,4.881251,mimicsduo
-0.7844091,2.1667488,mimicsduo
1.0656548,-1.8102981,mimicsduo
1.0658196,-1.810794,mimicsduo
-1.9216461,5.774478,mimicsduo
2.0198753,3.2960637,mimicsduo
0.10477935,2.109288,mimicsduo
0.60052687,3.0612216,mimicsduo
-1.4590977,2.9728565,mimicsduo
-1.3805814,3.1005428,mimicsduo
0.6099777,3.4220173,mimicsduo
-1.5480313,1.968674,mimicsduo
-0.7324232,3.443735,mimicsduo
-2.2973788,1.0281562,mimicsduo
0.51542026,2.7296872,mimicsduo
-1.2767218,0.58589596,mimicsduo
2.1728556,-3.400231,mimicsduo
-0.09065358,6.35711,mimicsduo
0.28187716,6.2807865,mimicsduo
0.9254523,2.7016337,mimicsduo
0.50030565,4.342125,mimicsduo
0.6624625,2.2429302,mimicsduo
-2.3634431,1.6720077,mimicsduo
1.1833944,-1.9002091,mimicsduo
1.9662833,4.9568353,mimicsduo
-0.33345318,1.7182863,mimicsduo
0.14131682,4.6274486,mimicsduo
-0.35780486,3.8805385,mimicsduo
-0.22604199,3.9457335,mimicsduo
-3.2436514,3.478726,mimicsduo
0.53870934,2.6969202,mimicsduo
2.7704725,2.7576125,mimicsduo
-1.3509825,4.232585,mimicsduo
-1.394652,1.3059596,mimicsduo
-3.620751,-21.26228,mimicsduo
-3.6207316,-21.261974,mimicsduo
2.1930006,-3.4314933,mimicsduo
2.1933324,-3.431211,mimicsduo
1.6720281,4.1904345,mimicsduo
-1.4361613,3.3517935,mimicsduo
1.295291,4.089546,mimicsduo
-0.7819859,3.1867507,mimicsduo
1.1138629,2.777019,mimicsduo
0.44955164,2.7460968,mimicsduo
-1.3532798,3.1092765,mimicsduo
0.48888648,2.7555246,mimicsduo
1.4828315,5.2151685,mimicsduo
-0.22552706,3.951872,mimicsduo
-2.7036967,3.6267962,mimicsduo
2.272744,4.757746,mimicsduo
-0.15844144,5.5081863,mimicsduo
-1.3690476,2.1060452,mimicsduo
-0.8480365,5.281949,mimicsduo
-0.14556833,5.428305,mimicsduo
-1.3445098,6.0441117,mimicsduo
-2.1239285,3.2037067,mimicsduo
0.5770594,2.163053,mimicsduo
0.85240036,2.3991635,mimicsduo
-0.8862942,4.8479166,mimicsduo
0.083997115,2.5572813,mimicsduo
-0.2847197,4.546987,mimicsduo
-1.3445636,3.4972262,mimicsduo
0.8966091,4.3685884,mimicsduo
-0.009448029,4.084808,mimicsduo
-2.2879393,0.91555417,mimicsduo
-1.4520967,1.4197519,mimicsduo
1.4320745,4.9127707,mimicsduo
-0.9821018,4.807688,mimicsduo
-0.83751094,3.3398035,mimicsduo
1.1868511,2.1836824,mimicsduo
1.1926624,2.188748,mimicsduo
0.5001711,2.7622771,mimicsduo
0.30042848,2.1346605,mimicsduo
-0.78069323,4.6203785,mimicsduo
1.1783478,6.094489,mimicsduo
-1.5795118,0.658344,mimicsduo
-1.1710398,2.4533062,mimicsduo
0.80862194,4.177645,mimicsduo
2.3481464,4.0431066,mimicsduo
-0.41966525,4.167511,mimicsduo
-1.4393649,2.9623835,mimicsduo
2.7991936,-3.394835,mimicsduo
2.5108235,2.6685038,mimicsduo
-0.22676022,3.9586647,mimicsduo
1.4059691,3.3857152,mimicsduo
-1.3895549,5.9248915,mimicsduo
2.7361984,-2.104311,mimicsduo
2.7368267,-2.1045256,mimicsduo
-0.3472046,2.596936,mimicsduo
0.6112052,3.4199564,mimicsduo
-0.7373102,2.8987312,mimicsduo
-1.0860921,6.2218566,mimicsduo
-1.4997277,3.4287348,mimicsduo
-1.3222288,5.8215837,mimicsduo
0.2738421,3.8053372,mimicsduo
0.08398141,2.5468228,mimicsduo
0.41393667,3.768376,mimicsduo
1.8132383,3.6745281,mimicsduo
0.22508836,6.2460465,mimicsduo
-3.620738,-21.26253,mimicsduo
-0.74538517,3.025761,mimicsduo
-1.1619167,3.9544177,mimicsduo
0.54874265,4.0966315,mimicsduo
-1.4021988,2.5622232,mimicsduo
2.2206342,4.300973,mimicsduo
0.8350534,3.965683,mimicsduo
-3.6207387,-21.262697,mimicsduo
-3.620715,-21.262482,mimicsduo
-3.6207151,-21.262651,mimicsduo
-3.6207504,-21.262651,mimicsduo
-3.6207602,-21.262543,mimicsduo
-3.6207416,-21.262627,mimicsduo
-3.6207535,-21.2627,mimicsduo
1.3629922,5.378893,mimicsduo
1.1552215,4.817632,mimicsduo
0.44758388,4.6820564,mimicsduo
-0.18985793,1.8508829,mimicsduo
-0.45642897,3.7826605,mimicsduo
-1.2151463,3.9875803,mimicsduo
0.29562533,3.800828,mimicsduo
-2.2662177,4.3412347,mimicsduo
-0.35187522,4.5701084,mimicsduo
-2.3488948,1.0616143,mimicsduo
-1.9738584,4.4530416,mimicsduo
2.180601,4.8335934,mimicsduo
-0.5624612,1.4548832,mimicsduo
-1.9288859,2.8354938,mimicsduo
-2.424296,1.8319242,mimicsduo
1.9469959,3.279708,mimicsduo
-1.7559496,4.162454,mimicsduo
-1.8798214,1.4109299,mimicsduo
-0.23135535,2.6014419,mimicsduo
0.19350582,2.635857,mimicsduo
0.44467986,2.7425377,mimicsduo
-2.5420601,4.3169923,mimicsduo
0.29163545,2.6785645,mimicsduo
-1.963803,5.34026,mimicsduo
0.61305535,3.1399117,mimicsduo
-0.66870534,3.6140091,mimicsduo
2.1664367,2.424063,mimicsduo
1.5064435,2.4951282,mimicsduo
-3.1429434,2.502996,mimicsduo
-0.42674503,2.6740398,mimicsduo
-0.41585696,4.101971,mimicsduo
-2.9728346,2.0697677,mimicsduo
-3.6207244,-21.261898,mimicsduo
-3.6207476,-21.262457,mimicsduo
-3.6207259,-21.262247,mimicsduo
-1.8495387,5.8552065,mimicsduo
-0.35291514,2.168994,mimicsduo
0.2656995,4.8959618,mimicsduo
1.1427969,3.6152024,mimicsduo
1.7538519,4.1644664,mimicsduo
-3.2220318,3.0669749,mimicsduo
-0.73081076,4.3944917,mimicsduo
-1.8173522,3.6010804,mimicsduo
-0.67184573,3.6028244,mimicsduo
-0.9950271,1.6703647,mimicsduo
-0.29259723,6.395438,mimicsduo
1.2935958,2.9384155,mimicsduo
-2.3268495,2.313751,mimicsduo
-1.0543678,2.6830504,mimicsduo
-3.1680136,4.0107,mimicsduo
0.50837165,5.188521,mimicsduo
-0.15490027,3.892419,mimicsduo
-0.14746033,3.9156718,mimicsduo
0.54792356,6.083005,mimicsduo
-0.5384844,2.7471583,mimicsduo
-0.2753055,2.1375747,mimicsduo
-2.6389606,5.1858454,mimicsduo
-0.6691822,3.6009538,mimicsduo
-2.161685,4.1834493,mimicsduo
-0.7449778,2.9289076,mimicsduo
-0.49418774,5.8394623,mimicsduo
-1.8806647,3.5246773,mimicsduo
0.6183565,3.4158342,mimicsduo
-3.223025,2.9262233,mimicsduo
-1.4529432,4.518679,mimicsduo
0.35689354,2.674527,mimicsduo
-3.6207237,-21.26237,mimicsduo
-3.6207523,-21.262352,mimicsduo
-3.620729,-21.262272,mimicsduo
-3.6207066,-21.262321,mimicsduo
-3.6207476,-21.262457,mimicsduo
-3.6207366,-21.262707,mimicsduo
-3.6207294,-21.262358,mimicsduo
-3.6207337,-21.262215,mimicsduo
-3.6207483,-21.262098,mimicsduo
-3.620737,-21.262333,mimicsduo
-3.6207445,-21.26251,mimicsduo
-3.6207414,-21.262295,mimicsduo
-3.6207292,-21.262691,mimicsduo
2.6589825,-2.0847619,mimicsduo
-3.6207433,-21.262396,mimicsduo
0.08516601,2.5505087,mimicsduo
-3.620743,-21.262775,mimicsduo
-3.6207306,-21.26265,mimicsduo
-3.620745,-21.262022,mimicsduo
-3.62072,-21.262354,mimicsduo
-3.6207275,-21.262695,mimicsduo
-3.6207433,-21.262396,mimicsduo
2.6137214,3.4086373,mimicsduo
-2.4801908,2.615119,mimicsduo
1.9265519,3.631311,mimicsduo
1.0937883,2.7961192,mimicsduo
-0.72541857,2.875639,mimicsduo
-2.9171941,4.755629,mimicsduo
-1.3479599,3.5621927,mimicsduo
1.1882762,4.2598405,mimicsduo
-2.78396,1.6347808,mimicsduo
-0.6733401,3.6000965,mimicsduo
-0.03181852,1.9160271,mimicsduo
3.0797548,3.5529099,mimicsduo
-1.0253583,2.4840767,mimicsduo
0.861192,2.376224,mimicsduo
-2.009627,3.337071,mimicsduo
-1.1857636,3.9484532,mimicsduo
-1.8871741,0.7504944,mimicsduo
0.89507586,2.703041,mimicsduo
-0.82877,2.15973,mimicsduo
-1.685759,4.128907,mimicsduo
-0.3871247,2.6475003,mimicsduo
0.27325478,3.810768,mimicsduo
0.25440744,3.831642,mimicsduo
2.7402225,-2.0983658,mimicsduo
2.740625,-2.0982316,mimicsduo
-1.0534737,4.685058,mimicsduo
-2.1093233,1.7128695,mimicsduo
-3.6207528,-21.262356,mimicsduo
1.603889,2.2012916,mimicsduo
-1.196347,5.0722256,mimicsduo
1.2948675,3.338504,mimicsduo
1.1034409,4.9015102,mimicsduo
-0.7309769,2.8894653,mimicsduo
-3.6207476,-21.262457,mimicsduo
-3.620726,-21.262709,mimicsduo
-3.6207209,-21.262627,mimicsduo
2.6597636,-2.084595,mimicsduo
-3.6207254,-21.262688,mimicsduo
-3.62074,-21.262512,mimicsduo
-3.6207652,-21.26257,mimicsduo
-3.620725,-21.262571,mimicsduo
-0.73772204,2.9115648,mimicsduo
-1.2512226,4.5045505,mimicsduo
0.48643246,2.7690742,mimicsduo
0.29503575,3.796187,mimicsduo
1.0771207,2.7903693,mimicsduo
-0.07757807,3.2536523,mimicsduo
-0.0777144,3.253071,mimicsduo
0.74726117,4.1947727,mimicsduo
-0.07771437,3.2530708,mimicsduo
-0.07771369,3.2537506,mimicsduo
2.2171466,-3.4291909,mimicsduo
-0.07750477,3.2528965,mimicsduo
-0.07758235,3.2535462,mimicsduo
-0.077584594,3.2540658,mimicsduo
-0.07751068,3.2529266,mimicsduo
-0.07758133,3.2537508,mimicsduo
-0.07736538,3.2528539,mimicsduo
-0.07750478,3.2528963,mimicsduo
-0.07751979,3.252595,mimicsduo
-0.077510335,3.2528465,mimicsduo
-0.07738255,3.2521646,mimicsduo
-0.07746983,3.2532048,mimicsduo
-0.07740761,3.2528262,mimicsduo
-0.07691999,3.2509089,mimicsduo
-0.07736477,3.2525547,mimicsduo
-0.07585484,3.249829,mimicsduo
-0.07662915,3.250988,mimicsduo
-0.07594478,3.2497575,mimicsduo
-0.07583936,3.2499366,mimicsduo
-0.07584854,3.250084,mimicsduo
-0.07583713,3.2497344,mimicsduo
-0.07594478,3.2497582,mimicsduo
-0.07583705,3.2497334,mimicsduo
-0.0758406,3.249715,mimicsduo
-3.6207259,-21.26235,mimicsduo
-3.6207302,-21.262947,mimicsduo
-3.620723,-21.262293,mimicsduo
-0.07577418,3.2497022,mimicsduo
2.224014,-3.4289286,mimicsduo
-0.07599258,3.2496977,mimicsduo
-0.07577322,3.2497,mimicsduo
-0.07576946,3.249496,mimicsduo
-0.075777456,3.2497222,mimicsduo
-0.07577747,3.24943,mimicsduo
-0.07576891,3.2492244,mimicsduo
-0.075777404,3.2497222,mimicsduo
-0.07576901,3.2492242,mimicsduo
-0.0757693,3.2493885,mimicsduo
-0.07599256,3.249698,mimicsduo
-0.07576956,3.2494311,mimicsduo
-0.07577763,3.2494297,mimicsduo
-0.0758835,3.2492247,mimicsduo
-0.07577742,3.2497222,mimicsduo
2.7700765,-2.204936,mimicsduo
-0.07577318,3.2497003,mimicsduo
-0.07576916,3.2493298,mimicsduo
-0.07576906,3.2492244,mimicsduo
-0.075777456,3.2497222,mimicsduo
-0.07577313,3.2497005,mimicsduo
-0.075777605,3.2494302,mimicsduo
-0.07576943,3.2495043,mimicsduo
-0.07164508,3.2408392,mimicsduo
-0.07576949,3.2494957,mimicsduo
1.2085813,1.1391822,mimicsduo
-0.07577761,3.2494297,mimicsduo
1.7479333,1.0494038,mimicsduo
1.7656088,1.4546262,mimicsduo
1.7479333,1.0494038,mimicsduo
-0.07598134,3.2505317,mimicsduo
-0.075981945,3.2506533,mimicsduo
-0.07563993,3.2486718,mimicsduo
-3.620721,-21.26269,mimicsduo
-3.6206295,-21.26201,mimicsduo
-3.6206424,-21.262096,mimicsduo
-3.6205976,-21.261726,mimicsduo
-3.6204941,-21.261982,mimicsduo
-3.6205618,-21.261656,mimicsduo
-3.6205058,-21.261486,mimicsduo
-3.6204526,-21.261435,mimicsduo
-3.6204386,-21.261679,mimicsduo
-3.620436,-21.261623,mimicsduo
-3.6204498,-21.261642,mimicsduo
-3.6204257,-21.261587,mimicsduo
-3.620438,-21.26169,mimicsduo
-3.6204188,-21.26136,mimicsduo
-3.6204326,-21.26156,mimicsduo
-0.32258627,0.99301183,mimicsduo
-3.620364,-21.261415,mimicsduo
-3.620413,-21.2613,mimicsduo
-3.6203737,-21.26189,mimicsduo
-3.6203523,-21.260998,mimicsduo
-3.6203756,-21.261456,mimicsduo
-0.07623616,3.2494025,mimicsduo
-0.076688126,3.2508278,mimicsduo
-0.07559378,3.248508,mimicsduo
-0.07633964,3.2494147,mimicsduo
-0.07548707,3.2482047,mimicsduo
-0.0747189,3.2459495,mimicsduo
-0.07476008,3.246001,mimicsduo
-0.07464681,3.2463894,mimicsduo
-0.07370939,3.2439377,mimicsduo
-0.07464633,3.2463458,mimicsduo
-0.07370934,3.2439377,mimicsduo
-0.073721156,3.244273,mimicsduo
3.555896,-5.6354246,mimicsduo
3.5556417,-5.635437,mimicsduo
3.5552392,-5.6354337,mimicsduo
3.5559042,-5.6358633,mimicsduo
3.5548403,-5.633434,mimicsduo
3.5545757,-5.633684,mimicsduo
3.5545166,-5.6339564,mimicsduo
3.5546296,-5.633625,mimicsduo
3.5544484,-5.6338043,mimicsduo
3.5547433,-5.633936,mimicsduo
-0.07354962,3.2433736,mimicsduo
-0.07357991,3.2436297,mimicsduo
1.0468326,-0.11578658,mimicsduo
1.0468326,-0.11578658,mimicsduo
1.0468326,-0.11578658,mimicsduo
1.8140926,0.30963254,mimicsduo
1.4199048,-0.1283922,mimicsduo
1.8140926,0.30963254,mimicsduo
1.4199048,-0.1283922,mimicsduo
1.8114803,0.16898341,mimicsduo
1.6131508,0.373438,mimicsduo
3.5522342,-5.629302,mimicsduo
0.46215612,0.023014681,mimicsduo
0.46215612,0.023014681,mimicsduo
3.5520859,-5.629295,mimicsduo
0.46215612,0.023014681,mimicsduo
3.552328,-5.629449,mimicsduo
3.5523195,-5.6294966,mimicsduo
3.5522134,-5.6296196,mimicsduo
3.5523543,-5.6295137,mimicsduo
3.5522215,-5.629368,mimicsduo
3.551737,-5.6295414,mimicsduo
3.55224,-5.629375,mimicsduo
3.5519116,-5.6295667,mimicsduo
3.5523548,-5.6292844,mimicsduo
3.5517693,-5.6296077,mimicsduo
3.5526476,-5.629291,mimicsduo
3.5523088,-5.629576,mimicsduo
3.5520008,-5.629298,mimicsduo
3.551897,-5.6294727,mimicsduo
3.5524273,-5.6293464,mimicsduo
3.5524237,-5.6293187,mimicsduo
3.5521863,-5.6295533,mimicsduo
3.5523121,-5.629101,mimicsduo
-0.08351696,0.04322961,mimicsduo
-0.016731936,0.5524516,mimicsduo
0.19376405,0.8326602,mimicsduo
0.19376405,0.8326602,mimicsduo
0.19376405,0.8326602,mimicsduo
0.30651435,0.60536236,mimicsduo
0.19376405,0.8326602,mimicsduo
0.727336,0.7382484,mimicsduo
-0.717178,0.16718592,mimicsduo
-0.27741134,0.48900664,mimicsduo
0.9226651,1.5089463,mimicsduo
1.0408669,1.6913424,mimicsduo
0.6901887,1.5760362,mimicsduo
1.3888762,2.210199,mimicsduo
0.7076545,3.7746844,mimicsduo
2.7993565,-3.3948562,mimicsduo
2.7993157,-3.3949802,mimicsduo
-1.5468687,4.6964684,mimicsduo
0.6223218,3.1549969,mimicsduo
2.733868,-2.1366007,mimicsduo
-1.8596805,0.76717055,mimicsduo
1.2917722,2.944776,mimicsduo
0.3279183,3.8905537,mimicsduo
1.0061642,1.9505072,mimicsduo
-1.8180628,3.5999827,mimicsduo
3.034598,3.858755,mimicsduo
0.5039624,1.5545201,mimicsduo
-3.1648374,2.5653102,mimicsduo
0.173094,4.0023327,mimicsduo
-0.020914406,4.095178,mimicsduo
1.1255513,3.619531,mimicsduo
0.8147742,4.2612467,mimicsduo
-1.2722555,4.2360153,mimicsduo
2.734254,1.8579962,mimicsduo
2.6139882,1.9595089,mimicsduo
1.8057296,1.9188733,mimicsduo
2.0210161,1.7472883,mimicsduo
2.7337425,-2.1364803,mimicsduo
2.7339263,-2.136546,mimicsduo
2.5210447,1.7024193,mimicsduo
2.5210447,1.7024193,mimicsduo
1.6277977,1.6859806,mimicsduo
0.6290802,1.0700741,mimicsduo
1.8838484,1.7390366,mimicsduo
2.206619,-3.4676378,mimicsduo
1.0642654,0.7961536,mimicsduo
0.6277656,1.0677832,mimicsduo
0.9993128,0.7172573,mimicsduo
0.33784327,0.10342321,mimicsduo
1.1370567,0.50379944,mimicsduo
1.101248,0.76484835,mimicsduo
0.6931645,0.46083906,mimicsduo
-0.08351696,0.04322961,mimicsduo
-0.717178,0.16718592,mimicsduo
-0.398789,0.32326826,mimicsduo
-0.398789,0.32326826,mimicsduo
-0.66540974,0.1348293,mimicsduo
-0.6384825,0.6308967,mimicsduo
-0.21186937,0.05468534,mimicsduo
2.7709177,-2.2050538,mimicsduo
2.7701254,-2.20468,mimicsduo
0.54105765,1.255816,mimicsduo
0.79235846,0.91245747,mimicsduo
0.11202617,1.1962913,mimicsduo
0.6957195,1.1595181,mimicsduo
-0.733168,0.6639119,mimicsduo
-0.2698285,1.0445131,mimicsduo
-0.60367894,0.9341906,mimicsduo
-0.09056214,1.1864926,mimicsduo
0.37113872,1.4767555,mimicsduo
0.07957301,1.3066949,mimicsduo
0.08057466,1.3285499,mimicsduo
-0.10061557,1.1786919,mimicsduo
0.355073,1.431141,mimicsduo
-0.29914513,1.1865928,mimicsduo
-1.3119034,0.47843513,mimicsduo
2.9024246,4.311013,mimicsduo
-2.0642047,3.1391196,mimicsduo
0.09130013,5.669971,mimicsduo
-2.9696386,2.0349984,mimicsduo
-0.5425303,1.5310957,mimicsduo
0.7945335,4.9178705,mimicsduo
0.76524943,4.645264,mimicsduo
-0.4500958,2.6652057,mimicsduo
-0.83473456,4.187054,mimicsduo
1.0579631,2.8243632,mimicsduo
1.2006588,3.6675763,mimicsduo
1.6581208,5.8360453,mimicsduo
-2.1040199,1.7083689,mimicsduo
1.2712159,4.1542425,mimicsduo
-0.4462809,4.921704,mimicsduo
-0.44834664,2.5950058,mimicsduo
1.0916495,3.6936057,mimicsduo
-0.35473517,3.8302267,mimicsduo
-0.7851319,3.192965,mimicsduo
-2.0773702,3.0457106,mimicsduo
1.6613834,2.1998541,mimicsduo
-1.0556015,6.207762,mimicsduo
-1.6455584,2.470516,mimicsduo
-1.0188805,2.5999043,mimicsduo
2.1821022,5.4425817,mimicsduo
2.9981427,2.5260367,mimicsduo
-0.11036499,2.1611116,mimicsduo
0.5345138,2.7148676,mimicsduo
2.2785344,5.350072,mimicsduo
-2.7213626,3.9169497,mimicsduo
2.2573617,4.2205205,mimicsduo
-0.34679443,4.567811,mimicsduo
1.3263459,3.3404377,mimicsduo
0.2624374,3.8159778,mimicsduo
0.18171652,4.803864,mimicsduo
2.2285945,-3.4355502,mimicsduo
2.228517,-3.4355109,mimicsduo
1.2863886,3.1751313,mimicsduo
-0.7837719,4.0625043,mimicsduo
-2.3798966,3.132681,mimicsduo
-2.6960754,3.2042365,mimicsduo
1.9565586,2.9499848,mimicsduo
-1.9229311,3.6294868,mimicsduo
0.65910083,3.321784,mimicsduo
-1.1733508,0.77071327,mimicsduo
-0.32246533,4.900509,mimicsduo
0.32109144,2.1600666,mimicsduo
0.6863372,3.2728143,mimicsduo
0.24400425,3.9845128,mimicsduo
-0.6614445,3.6180482,mimicsduo
0.86945814,2.3945978,mimicsduo
0.5122475,4.357218,mimicsduo
-1.770503,1.9317397,mimicsduo
3.0342915,3.7462606,mimicsduo
-0.01820988,2.6233344,mimicsduo
-0.70729935,1.8156688,mimicsduo
0.9990856,4.0607862,mimicsduo
-0.83440757,4.186041,mimicsduo
0.6627092,2.244761,mimicsduo
1.0738289,2.794267,mimicsduo
-2.5313153,2.4120507,mimicsduo
0.17040113,5.6587906,mimicsduo
-1.2694196,3.5288165,mimicsduo
-0.9099785,5.3637996,mimicsduo
2.2539475,5.359007,mimicsduo
0.6047677,3.0583858,mimicsduo
0.6024905,3.4188056,mimicsduo
1.0069058,5.404077,mimicsduo
-0.99492437,1.6617965,mimicsduo
1.3952368,3.3437002,mimicsduo
-2.6275582,2.765504,mimicsduo
0.618378,3.4194388,mimicsduo
0.57039565,3.441592,mimicsduo
0.6018839,3.4272528,mimicsduo
-2.0119147,4.6340127,mimicsduo
-1.6406977,5.6016273,mimicsduo
0.28891626,4.755383,mimicsduo
-0.46235752,3.774885,mimicsduo
0.2852183,3.8035564,mimicsduo
0.53897715,3.4824893,mimicsduo
0.7809306,4.140701,mimicsduo
-0.35357502,3.8847454,mimicsduo
0.611746,6.137288,mimicsduo
0.40613565,6.2714696,mimicsduo
0.13987938,4.099639,mimicsduo
2.770585,-2.2049227,mimicsduo
2.7700634,-2.2050593,mimicsduo
-3.0877476,4.316771,mimicsduo
-1.8530742,2.761531,mimicsduo
-1.920545,4.0490007,mimicsduo
-3.104555,2.3274214,mimicsduo
0.44616753,4.892583,mimicsduo
0.38796577,2.6267924,mimicsduo
-1.4694225,3.5962033,mimicsduo
1.1609879,5.3405333,mimicsduo
-1.4940437,5.200095,mimicsduo
3.0100486,4.038257,mimicsduo
-1.309807,2.899522,mimicsduo
-2.6780002,3.0713177,mimicsduo
-0.22580017,3.9528902,mimicsduo
-2.7753947,4.3940277,mimicsduo
-0.049500395,4.509625,mimicsduo
3.0834577,3.0277169,mimicsduo
-0.42993623,2.6417375,mimicsduo
-0.8831843,5.7064934,mimicsduo
2.8891618,4.3502135,mimicsduo
0.918696,5.4552007,mimicsduo
-0.9331576,6.2460423,mimicsduo
-1.1720812,2.0484107,mimicsduo
-0.6469472,5.3918214,mimicsduo
-2.4045277,3.7470124,mimicsduo
-0.27632886,4.892167,mimicsduo
-1.687159,2.0073576,mimicsduo
2.3087378,2.3583236,mimicsduo
-2.8205507,1.6983967,mimicsduo
-1.2791295,1.2468776,mimicsduo
0.8003495,4.104477,mimicsduo
-0.20685603,3.9695268,mimicsduo
-0.6559235,4.1543484,mimicsduo
0.050286878,4.909168,mimicsduo
0.7792799,4.28829,mimicsduo
2.2548692,4.0130706,mimicsduo
-0.06776423,2.5431807,mimicsduo
-3.2354,3.55407,mimicsduo
-0.7236857,1.1933484,mimicsduo
0.60188967,3.4231198,mimicsduo
0.08170034,2.550156,mimicsduo
-1.356127,2.6042912,mimicsduo
1.0020323,4.9003363,mimicsduo
-0.6707315,3.6101313,mimicsduo
2.4451375,3.1427233,mimicsduo
0.4507406,2.7741873,mimicsduo
-2.0052266,2.858816,mimicsduo
-0.2925761,1.7089497,mimicsduo
1.7723951,3.7103138,mimicsduo
-0.67443115,3.58635,mimicsduo
-1.1343452,3.9613554,mimicsduo
0.5907415,3.1031127,mimicsduo
-1.0218443,4.155011,mimicsduo
-2.2763553,5.5471773,mimicsduo
-0.6819143,3.5597286,mimicsduo
-0.61416954,4.399191,mimicsduo
2.2287717,-3.435686,mimicsduo
2.2292702,-3.4355834,mimicsduo
-0.7408125,3.1049168,mimicsduo
1.9795048,5.6516094,mimicsduo
-0.78420395,2.1711102,mimicsduo
-0.76388514,3.137709,mimicsduo
-0.6823776,3.554184,mimicsduo
1.4717208,5.9432783,mimicsduo
1.6807218,5.119393,mimicsduo
-0.76844645,2.155461,mimicsduo
-0.07757957,3.253382,mimicsduo
-0.07757984,3.2531245,mimicsduo
-0.07757952,3.253382,mimicsduo
-0.07762812,3.253044,mimicsduo
-0.07758256,3.2536094,mimicsduo
-0.077579536,3.253382,mimicsduo
-0.07758312,3.2535496,mimicsduo
-0.07751069,3.2529266,mimicsduo
-0.07747031,3.2525966,mimicsduo
-0.077470005,3.2531295,mimicsduo
-0.07751986,3.2525952,mimicsduo
-0.07673509,3.25142,mimicsduo
-0.076052755,3.2503474,mimicsduo
1.330009,1.2213994,mimicsduo
1.330009,1.2213994,mimicsduo
1.330009,1.2213994,mimicsduo
1.330009,1.2213994,mimicsduo
1.330009,1.2213994,mimicsduo
2.1500158,1.1370022,mimicsduo
1.7656088,1.4546262,mimicsduo
2.22885,-3.436025,mimicsduo
2.1500158,1.1370022,mimicsduo
1.3317937,1.7326442,mimicsduo
0.47031528,1.8228601,mimicsduo
-1.4038578,2.395745,mimicsduo
0.9854172,4.9148855,mimicsduo
-0.0775536,3.2531612,mimicsduo
0.9412277,1.9602827,mimicsduo
-0.07754392,3.253005,mimicsduo
-0.07755367,3.2531607,mimicsduo
-0.07750692,3.2531242,mimicsduo
-0.07755383,3.2531605,mimicsduo
-0.07757898,3.253568,mimicsduo
-0.0774704,3.2528968,mimicsduo
-0.07751048,3.2532008,mimicsduo
-0.07760577,3.2527673,mimicsduo
-0.07740782,3.2528262,mimicsduo
0.4597788,1.8122141,mimicsduo
-0.04324885,1.5115322,mimicsduo
0.46391279,1.8145922,mimicsduo
0.9949319,1.5530406,mimicsduo
2.426241,1.3011367,mimicsduo
2.42624,1.301135,mimicsduo
2.6238644,1.5782267,mimicsduo
2.1500158,1.1370022,mimicsduo
2.1500158,1.1370022,mimicsduo
1.3902938,1.7565484,mimicsduo
0.6358705,1.8017926,mimicsduo
0.44579878,1.8157421,mimicsduo
0.15526503,1.8991747,mimicsduo
2.8612273,2.276771,mimicsduo
0.23345919,1.9213679,mimicsduo
0.94505316,1.9600747,mimicsduo
0.41036814,3.696644,mimicsduo
0.33235353,1.8651341,mimicsduo
0.919161,1.9595109,mimicsduo
-0.6712662,3.615048,mimicsduo
1.1432364,2.7793756,mimicsduo
-0.43763623,6.3928723,mimicsduo
-0.4355233,2.6545265,mimicsduo
0.17324902,4.0024,mimicsduo
-0.38261992,4.545837,mimicsduo
2.8506172,4.4780707,mimicsduo
1.979344,2.2685876,mimicsduo
2.6438081,4.9809775,mimicsduo
-1.9827651,2.270941,mimicsduo
-1.1149132,1.9874792,mimicsduo
0.5576881,2.9222653,mimicsduo
1.2862035,6.0190763,mimicsduo
-1.6061848,2.5203607,mimicsduo
0.3147713,5.37358,mimicsduo
0.44710493,2.7719512,mimicsduo
-2.9989564,4.555672,mimicsduo
-0.48234543,1.736101,mimicsduo
-1.2883583,3.9345088,mimicsduo
2.2307825,4.715014,mimicsduo
1.872272,2.740253,mimicsduo
1.2236843,4.1837907,mimicsduo
1.8101753,4.1624465,mimicsduo
-0.30714124,4.5634875,mimicsduo
-0.662708,1.2835243,mimicsduo
-2.4671092,4.913792,mimicsduo
2.6932716,-3.3567357,mimicsduo
-0.4530751,2.6647418,mimicsduo
0.45037538,3.6802897,mimicsduo
-0.03611981,4.3050485,mimicsduo
-1.3583294,3.2083716,mimicsduo
3.0892267,3.0206382,mimicsduo
-0.8113428,4.6259265,mimicsduo
1.616611,2.5863705,mimicsduo
1.9822619,2.238264,mimicsduo
0.5946508,3.0559814,mimicsduo
1.7554752,4.16469,mimicsduo
-2.0333374,3.3246832,mimicsduo
-0.993692,2.4051843,mimicsduo
1.7216262,4.7481923,mimicsduo
-0.7925506,3.204619,mimicsduo
-0.43157914,2.6632612,mimicsduo
1.3945514,2.9482205,mimicsduo
-1.6420807,2.470129,mimicsduo
-1.3417096,3.294637,mimicsduo
-0.05670635,2.000569,mimicsduo
-3.6207302,-21.262947,mimicsduo
